CharacterID,First name,Last name
1,Leslie,Knope
2,April,Ludgate
3,Ron,Swanson
4,Jerry,Gergich
5,Tom,Haverford
6,Donna,Meagle
7,Andy,Dwyer
8,Ann,Perkins
9,Ben,Wyatt
10,Chris,Traeger
11,Perd,Hapley
12,Mark,Brendanawicz
13,Jean-Ralphio,Saperstein
14,Joan,Callamezzo
15,Councilman,Howser
16,Councilman,Jamm
17,Craig,Middlebrooks
18,Councilman,Milton
19,Kyle,
20,Burly,
21,Shauna,Malwae-Tweep
22,Councilman,Dexhart
23,Chang,
24,Rivers,
25,Lucy,Domingo
26,Wendy,Haverford
27,Ethel,Beavers
28,Herman,Lerpiss
29,Diane,Lewis
30,Jennifer,Barkley
31,Dr.,Harris
32,Marlene,Knope
33,Tammy,II
34,Jessica,Wicks
35,Mona-Lisa,Saperstein
36,Orin,
37,Harris,
38,Barney,
39,Trevor,Nelsson
40,Dr.,Saperstein
41,Joe,
42,Red-Faced,Man
43,Ivy,Lewis
44,Paul,Iaresco
45,Martin,Housely
46,Officer,Killnose
47,Chance,Frenlm
48,Derek,
49,Zoe,Lewis
50,Dave,Sanderson
51,William,Barnes
52,Marcia,Langman
53,Elizabeth,
54,Brandi,Maxxxx
55,Ben,
56,Kathryn,Pinewood
57,Brett,
58,Morris,
59,Bjorn,Lerpiss
60,Officer,Skorggel
61,Gretel,
62,Horace,
63,Bobby,Newport
64,Millicent,Gergich
65,Howard,Tuttleman
66,Ken,Hotate
67,JJ,
68,Madison,
69,Justin,Anderson
70,Freddy,
71,Dennis,Feinstein
72,Gayle,Gergich
73,Crazy,Ira
74,Joe,Meagle
75,Grant,Larson
76,Pearl,
77,Jim,Kabernick
78,Eugene,Pilogrimaldy
79,Natalie,Ludgate
80,Typhoon,
81,Stephen,
82,Marci,
83,Credit,Phone
84,Ron,Dunn
85,Roscoe,Santangelo
86,Derry,Murbles
87,Pistol,Pete
88,Ingrid,Forest
89,Chief,Trumple
90,Lord,Covington
91,Detlef,Schrempf
92,Scott,Tanner
93,Lawrence,
94,Marshall,Langman
95,Ted,
96,Tania,
97,George,
98,Diane,
99,Denise,Yermley
100,Roy,Hibbert
101,Producer,
102,Mitch,Savner
103,Kim,
104,Mike,Bean
105,DJ,Bluntz
106,Trodd,Frankensteip
107,Emcee,
108,Martha,
109,Ginuwine,
110,Beverly,
111,Carl,
112,Triplet,#2
113,Frank,Mann
114,Triplet,#3
115,Stage,Manager
116,Nate,
117,Greg,Pikitis
118,Ian,Winston
119,Barry,
120,Annabel,Porter
121,Larry,Ludgate
122,Professor,Lonegan
123,Tammy,I
124,Dennis,Lerpiss
125,Ulee,Danssen
126,Rita,Ludgate
127,Nadia,
128,Bill,Haggerty
129,Nick,Sr.
130,Allison,Gliffert
131,Mike,Patterson
132,Phil,
133,Evelyn,
134,Trish,Ianetta
135,Elise,Yarktin
136,Eduardo,
137,Gray,
138,Paula,
139,Courtney,
140,Manrico,Rosa
141,Jim,Irsay
142,Marta,
143,Gladys,Gergich
144,Chief,Fugleberg
145,Andrew,Luck
146,Tessa,
147,Miriam,Gergich
148,Ragiv,
149,Dr.,Dyne
150,Reggie,Wayne
151,Salvatore,
152,Bertram,
153,Dana,
154,Horatio,
155,John,
156,Young,Leslie
157,Barry,
158,Reporter,
159,Jill,
160,China,Joe
161,Dewey,
162,Kurt,Lerpiss
163,Colin,Meloy
164,Vaughn,Swanson
165,Lon,Swanson
166,Wilson,Gromling
167,Chris,Funk
168,Khongordzol,
169,Jenny,Conlee
170,Shopkeeper,
171,Nate,Query
172,Lisa,
173,John,Moen
174,Nurse,
175,Bobby,Keyboardist
176,Riley,Zumph
177,Bobby,Bassist
178,Bobby,Drummer
179,Kay,Hanley
180,Dave,Gibbs
181,Greg,McKenna
182,John,Dragonetti
183,Rebecca,Varuvian
184,Liam,Bonneville
185,Sam,Nut
186,Erica,Weekstrong
187,Golm,Bimbenders
188,Lester,Kanopf
189,Tow,Driver
190,Reggie,
191,Joe,Biden
192,John,McCain
193,Barbara,Boxer
194,Ed,
195,Michelle,Obama
196,Raul,
197,Keef,Slertner
198,Chris,
199,Carl,Lorthner
200,Michael,
201,Evelyn,Roushland
202,John,Cena
203,Elvis,
204,Frank,Schnable
205,Maria,
206,Clarence,
207,Principal,Russell
208,Kate,
209,Ranger,
210,George,
211,Janine,Restrepo
212,Frank,Beckerson
213,David,
214,Randall,
215,Harvey,Spielyorm
216,Keg,Jeggings
217,Scott,Braddock
218,Morgan,
219,Gus,
220,Janitor,
221,Phil,
222,Eugene,
223,Lindsay,Shay
224,Kelly,Larson
225,Buddy,Wood
226,Ned,Jones
227,Derek,
228,Ranger,Patrick
229,Walter,Fungerson
230,Mayor,Stice
231,Garth,Blundin
232,Leonard,Tchulm
233,Harold,
234,Zookeeper,
235,Brian,
236,Man,Dog
237,Wendell,Adams
238,Manager,
239,David,
240,Fire,Chief
241,Pantomime,Horse
242,Roadside,Mechanic
243,Keith,
244,Darren,
245,Elsa,
246,Councilman,Pillner
247,Kevin,
248,Wreston,James
249,Lucinda,
250,Stephanie,Wyatt
251,Tynnyfer,
252,Chipp,McCapp
253,Nolan,Mornch
254,Hank,Muntak
255,Zach,Harrison
256,Randy,Steptaszkji
257,Alexa,
258,Beth,
259,Gwendolyn,
260,Jhonny,
261,Older,Boy
262,Waiter,
263,Steve,
264,Reporter,#1
265,Bouncer,
266,Brian,
267,Herb,
268,Denise,Burkiss
269,Kiley,
270,Ted,
271,Stuart,
272,Martin,Kernston
273,Lauren,
274,Ed,
275,Bartender,#1
276,Bill,
277,Julia,Wyatt
278,Katherine,
279,Bill,Butler
280,Congressman,Murray
281,Howard,Kurtzwilder
282,Paul,
283,Len,Hugeff
284,Rich,Gurdmin
285,Kate,
286,Announcer,
287,Chris,Bosh
288,August,Clementine
289,Officer,Merffl
290,Delwynn,Burfigg
291,Alyssa,Shanes
292,Antonio,
293,Maintenance,Worker
294,Betty,
295,110,Man
296,Arnold,
297,Bartender,
298,Man,Crowd
299,Nick,Jr.
300,Joe,Campopiano
301,Pete,
302,Freddy,Spaghetti
303,Reporter,#2
304,Lisa,
305,Alec,
306,Kevin,
307,Tamara,Swanson
308,Lauren,Burkiss
309,Business,Man
310,Allenbach,
311,Gary,
312,Art,Patron
313,Jack,
314,Bartender,
315,Penny,
316,Dave,Freemop
317,Casey,
318,Steve,Wyatt
319,Lacey,
320,Dylan,Peever
321,Waitress,Kendra
322,Orbert,
323,Paula,Horke
324,Paul,Shaw
325,Bill,
326,Rosie,Demarco
327,Stu,Fretch
328,Janette,
329,Roz,Pinwheel
330,Janet,Trungle
331,Don,Swanson
332,Stacy,
333,Susan,
334,Committee,Member
335,Little,Girl
336,Bartender,
337,Guy,Bar
338,Pimp,
339,Saïd,
340,Florence,
341,Woman,
342,Maintenance,Worker
343,Stanley,
344,Soccer,#1
345,Abigail,
346,Preston,
347,Checkout,Girl
348,Jesse,
349,Lew,
350,Gary,
351,Waiter,
352,Zelda,
353,Brian,Raisins
354,Fester,Trim
355,Ulani,
356,Stephan,
357,Horace,
358,John,
359,Judge,Lankito
360,Talia,
361,Lisa,Multaro
362,Limo,Driver
363,Sanitation,Steve
364,Dr.,Clipperton
365,Doug,Demarco
366,Xander,
367,Sansa,Faramir
368,Dawbrelle,Catamaran
369,Casey,Jomes
370,Josh,Groban
371,Dan,Candle
372,Marty,Zertzch
373,Donnie,Rotger
374,Ray,
375,Deborah,
376,Criminal,
377,Complaining,Woman
378,Becky,
379,Bass,Player
380,Arnold,
381,Dan,
382,Tracy,
383,Soccer,#2
384,Sterp,
385,Stan,
386,Head,Chairman
387,Jocky,Guy
388,Crying,Woman
389,Rose,
390,Chignole,
391,Dennis,Cooper
392,Party-Goer,
393,Jeannie,
394,Ed,
395,Larry,
396,Becky,
397,Carl,
398,Joe,
399,Officer,Golis
400,Scott,
401,David,
402,Laura,
403,Dr.,Fortch
404,Lance,
405,Taylor,Mitsch
406,Averly,
407,Eric,
408,Connie,Cabbage
409,Tyrion,Fonzarelli
410,Janicia,Wellmark
411,Clervice,Rosewater
412,Jewish,Greg
413,Daphne,Dorlth
414,Stephen,
415,LeVondrious,Meagle
416,Andover,Muse
417,Sierra,
418,Woman,Red
419,Boy,Zoo
420,Evelyn,
421,Charles,
422,Drummer,
423,Courtney,
424,Kurt,
425,Zack,
426,Wayne,
427,Donna's,Boss
428,Diane,
429,Craig,
430,Professor,Barnes
431,Florence,
432,Muriel,
433,Len,
434,China,
435,Reporter,
436,Businessman,
437,Beverly,
438,Nikko,
439,Terrence,
440,Enrico,
441,Charlie,
442,Georges,
443,Robert,
444,Rebecca,Polkat
445,Alonzo,
446,Bill,Trickfork
447,Frenchelle,
448,Fred,Sled
449,Donny,Crumtembler
450,Görkem,
451,Darva,Snerman
452,Kim,
453,Tyyler,
454,Ssassandra,Ssassnorp
455,Victoria,Herzog
456,70,Woman
457,Stage,Manager
458,Irish,Contestant
459,Ghoulish,Man
460,Award,Woman
461,Shelly,
462,Lauren,
463,Dexter,
464,Guy,
465,Ted,
466,Denver,
467,Cowboy,
468,Joey,
469,George,
470,Irving,
471,John,
472,Bartender,#2
473,Doug,
474,Switzerland,
475,Clerk,
476,Bobby,
477,Mover,
478,Chip,
479,David,
480,Grover,
481,Jeff,
482,Terrence,
483,Joey,
484,Trina,
485,Lars,
486,Autumn,
487,Bob,Manager
488,Marvin,
489,JJ's,Waiter
490,Lalyssa,Lerpiss
491,Julie,
492,Dirk,
493,Mary-Marie,
494,Gloria,Muchakk
495,Glenn,Furgiolio
496,Pat,
497,Ken,Erdedy
498,Gregg,
499,Clyde,
500,Lucy,Taylor
501,Terrence,Montreaux
502,Alison,
503,Carter,Veustingham
504,Barbara,Brabrababar
505,Eagletonian,Smith
506,June,Hartwell
507,Albert,Meagle
508,Matt,Murbles
509,Woman,#1
510,Jim,
511,Craig,
512,Cindi,
513,Dakota,
514,Teri,Keenly
515,Marcus,
516,George,
517,Emily,
518,Waitress,
519,Bank,Teller
520,Bulgaria,
521,Lisa,
522,Joe,
523,Walt,
524,Louise,
525,Julie,
526,Sally,
527,Bob,
528,Herman,
529,Tim,
530,Peggy,
531,Bill,
532,Receptionist,
533,Gretl,
534,Betsy,
535,Parking,Attendent
536,Dee,
537,Eileen,
538,Helen,
539,Sharon,
540,Reporter,#1
541,Lorenzo,
542,Kim,Terlando
543,Roz,Degrandis
544,Viv,
545,Zach,
546,Kerp,Sulsse
547,Newt,Gingrich
548,Lev,
549,Kim,
550,Kate,Gompert
551,Adam,Vinatieri
552,Summer,Frogfrong
553,Karen,Lerpiss-Gretzky
554,Greg,Phillips
555,Kitty,Goodbye
556,Kipp,Bunthart
557,Florence,Machine
558,Woman,#2
559,Dolores,
560,Claudia,
561,Gary,
562,Gogo,#2
563,Christine,Porter
564,Kip,
565,Maya,
566,Police,#3
567,Melissa,
568,Leopald,
569,Puppy,Lady
570,Security,Guard
571,Joey,
572,Tina,
573,Dr.,Nerpins
574,Gunch,Merkwell
575,Cupid,
576,Mandy,Bil
577,Gustin,Kippman
578,Roger,
579,Gladys,
580,Reporter,#2
581,Accountant,One
582,Chef,Krantz
583,Laura,Spengotten
584,Lerf,Kormhyurt
585,Vern,Palletta
586,Abe,Lincoln
587,Anthony,Castonzo
588,Foreman,George
589,Probably,Jennings
590,Gretzky-Susan,Pelligrino
591,Skipper,
592,Tim,Jemmersting
593,Evangeline,Popular
594,Walden,Wencythe-Hoffstrike
595,Lonnie,
596,Woman,#3
597,Larry,
598,Cathy,
599,Stacey,
600,Carl,
601,Waiter,
602,Alexis,
603,Police,#4
604,William,
605,Teacher,
606,Drummer,
607,Ellis,
608,Mary-Elizabeth,Clinch
609,Brad,
610,Rebecca,Lindshade
611,Clem,Temple
612,Eleanor,Puntrupple
613,Jordan,
614,Gloria,
615,Alex,
616,Max,Amil
617,Mason,
618,Park,Ranger
619,Charles,
620,Josh,
621,Accountant,Two
622,Robert,Mathis
623,Leah,
624,Judge,Reinletgo
625,Richard,
626,Judy,Zappossoppazzappossoppaz
627,Jacquizz,Upon-Gretzky-Lerpiss
628,Jen,Ivinicii
629,Carl,Turtlehump
630,Reverend,Nike
631,Woman,#4
632,Deb,
633,Man,#1
634,Gregory,Gaines
635,Anna,
636,Nancy,
637,Jeremy,Bullbell
638,Tanda,
639,Abby,Fenr
640,Nermal,
641,Ian,Phillips
642,Jim,Ferkman
643,Ryan,
644,Mike,
645,Rachel,Lerpiss
646,Brenda,
647,Terk,Rastersnyke
648,Kevin,
649,Mike,Harlmpton
650,Devin,Tourguide
651,Tadnork,Sprummith
652,Michelle,
653,Ian,Phillips
654,Woman,#6
655,Janice,
656,Old,1
657,Andy's,Grandma
658,Walter,Klarmingbing
659,Sherm,Biancalana
660,Walt,Koypond
661,Gene,Strackwell
662,Dave,
663,Mouse,Guitarist
664,Erica,
665,Patty,Donkonit
666,Grace,Callahan
667,Percy,Cattube
668,Pundit,
669,Man,#3
670,Old,2
671,Speedo,Man
672,Chelsea,
673,Aaron,
674,Josh,
675,Student,Reporter
676,Steve,Ferpl
677,Earl,Krunchow
678,Kevin,
679,Jennifer,
680,Sasha,Dunkirk
681,Kiki,
682,Steve,Day
683,Waiter,
684,Bobcat,Driver
685,Justice,Peace
686,Louis,
687,Peter,
688,Paul,Dijesque
689,Dong,Swanson
690,John,
691,Toni,Strunkfuster
692,Horatio,Sanz
693,Trish,
694,Turk,
695,Juliet,
696,Jack,Flelff
697,Melvin,
698,Frasier,
699,Marv,Vavavma
700,Minister,Xorpaxx-7
701,Bethany,
702,Brian,
703,Male,Model
704,Howard,Feinberg
705,Party,#1
706,Bertha,
707,Doug,
708,Harpist,
709,Roger,
710,Janet,Snori
711,Josephina,Academia
712,Sonia,Knope-Wyatt
713,Stephen,Knope-Wyatt
714,Wesley,Knope-Wyatt
715,Walter,Gunderson
716,Jill,Biden
717,Madeleine,Albright
718,Cory,Booker
719,Kirsten,Gillibrand
720,Orrin,Hatch
721,Townsperson,
722,Knope,Supporter
723,Cowgirl,Dancer
724,Asst.,Stice
725,Accountant,
726,Airport,Traveler
727,Gala,Attendee
728,New,Worker
729,Banquet,Guest
730,Spectator,
731,City,Commissioner
732,Champagne,Drinker
733,Cowgirl,
734,Bobby,Supporter
735,Chard,Girl
736,Pawnee,Citizen
737,Dancer,Ginuwine
738,Eagletonian,
739,New,Dad
740,Librarian,
741,Eagletonian,
742,Front,Goer
743,Parent,
744,Tom's,Waitress
745,Mr.,Eagleton
746,Holiday,Elf
747,Kate's,Daughter
748,Kate's,Daughter
749,Young,Gus
750,Blue,Contractor
751,Banquet,Guest
752,Pawnee,Employee
753,Genie,Guest
754,Photographer,
755,April's,friend
756,Desk,Sergeant
757,Red,Man
758,Banquet,Attendee
759,Parent,
760,Christmas,Guest
761,Pageant,Contestant
762,Chipper,Lady
763,Dog,Boy
764,Woman,#5
765,Shots,Doctor
766,Pageant,Contestant
767,Mad,Businesswoman
768,Little,Girl
769,Administrative,Worker
770,Flirty,Girl
771,Brandy,
772,Tucker's,Patron
773,Girl,Concert
774,Old,Man
775,Green,Kid
776,Mom,Commercial
777,Hot,Woman
778,Bar,Patron
779,Sweetums,Girl
780,Hallway,Woman
781,Fencing,Instructor
782,Nicole,
783,Telethon,Magician
784,Park,Girl
785,Restaurant,Patron
786,Pawnee,Volunteer
787,Party,Guest
788,Community,Teacher
789,Telethon,Volunteer
790,Leslie,Twin
791,Telethon,coordinator
792,Hot,Chick
793,Carol,
794,Park,Kid
795,Guy,Mort
796,Kim,
797,Attendee,Room
798,Memorial,Attendee
799,Julie,
800,Pawnee,Resident
801,Meeting,Member
802,Accountant,
803,Memorial,Attendee
804,Fishing,Lady
805,Protestor,
806,Model,student
807,Model,student
808,April's,Girlfriend
809,Bouncer,
810,Patron,
811,Members,Councilman
812,Algeria,
813,Detective,
814,Jeff,Loan)
815,Ladybug,
816,Small,Owner
817,Enormous,Owner
818,Costume,Attendee
819,Lil,Fan
820,Model,Student
821,Russia,
822,Pawnee,Member
823,Political,Announcer
824,Water,Drinker
825,Van,Girl
826,Jasmine,Hu
827,Hot,Dude
828,Zamber,Grelf
829,Mom,Park
830,Reporter,
831,Wayne,
832,DC,Intern
833,Campaign,Photographer
834,Tourist,
835,Technical,Director
836,Congressional,Aide
837,EMT,
838,Reception,Attendee
839,Pool,Mom
840,VP,Service
841,Office,Worker
842,Olympia,Snowe
843,Townsperson,
844,Donna's,Guy
845,Server,
846,Bobby,Friend
847,Newport,Intern
848,Townsperson,
849,Party,Guest
850,Lawyer,
851,Jim,Wife
852,Shelly,
853,Aide,
854,Tourist,
855,VIP,Attendee
856,James,Inventor
857,Kernston's,Queen
858,1,episode
859,Reporter,
860,Wealthy,Gentleman
861,City,Worker
862,Restaurant,Patron
863,Pawnee,Player
864,Jerffus,Lerpis
865,Blonde,Eagleton
866,Young,Wyatt
867,Waiter,
868,Ken,
869,Pawnee,Resident
870,Cones,Player
871,Fairgoer,
872,Dan,
873,Pawnee,Resident
874,Parade,Graduate
875,Gala,Attendee
876,Club,patron
877,Waitress,#1
878,Roller,Skater
879,Bachelorette,Guest
880,Distinguished,Partygoer
881,Carnival,Attendee
882,Women,Ceremony
883,Pawnee,Resident
884,Wedding,Guest
885,All-American,Pawnee
886,Correspondent,
887,Nightclub,Patron
888,Miles,Plumlee
889,Pawnee,Resident
890,Eagleton,Parent
891,Audio,Operator
892,Andrea,Morehead
893,Citizen,Partridge
894,Chard,Girl
895,Cooking,Student
896,Flirty,Girl
897,Mom,
898,Reporter,
899,Boy,Fair
900,Whip-Cracker,
901,City,Worker
902,Unity,Singer
903,Little,Valentine
904,Concert,Crowd
905,SF,Tourist
906,Prom,Student
907,Town,Guest
908,Country,Singer
909,Prom,Student
910,Patron,
911,Girl,Goat
912,Townsman,
913,Prom,Student
914,Prom,Student
915,Secret,Agent
916,Diner,Patron
917,Justice,Oliver
918,Party,Guest
919,Tourist,Girl
920,Man,Diner
921,Dave,
922,Graduate,
923,Gryzzl,Worker
924,Groomsman,
925,Roulette,Dealer
926,Casino,Player
927,Gryzzl,Worker
928,Very,Worker
929,Meagle,Member
930,Parent,
931,Secret,Service
932,Graduate,
933,Pawnee,Ranger
934,Blotchy,Husband
935,El,Passenger
936,Lead,Notary
937,Graduation,Audience
938,Gryzzle,Workder
939,Secret,service
940,Man,Audience
941,Spectator,
942,Donna,Sister
943,Businesswoman,