season,episode_num_in_season,person name and family,job title 
1,1,Greg Daniels & Michael Schur,written_by
1,2,Rachel Axler,written_by
1,3,Dan Goor,written_by
1,4,Alan Yang,written_by
1,5,Tucker Cawley,written_by
1,6,Norm Hiscock,written_by
2,1,Norm Hiscock,written_by
2,2,Rachel Axler,written_by
2,3,Katie Dippold,written_by
2,4,Harris Wittels,written_by
2,5,Alan Yang,written_by
2,6,Aisha Muharrar,written_by
2,7,Michael Schur,written_by
2,8,Mike Scully,written_by
2,9,Rachel Axler,written_by
2,10,Dan Goor,written_by
2,11,Harris Wittels,written_by
2,12,Michael Schur,written_by
2,13,Katie Dippold,written_by
2,14,Dan Goor,written_by
2,15,Alan Yang,written_by
2,16,Michael Schur,written_by
2,17,Norm Hiscock,written_by
2,18,Mike Scully,written_by
2,19,Aisha Muharrar,written_by
2,20,Katie Dippold,written_by
2,21,Harris Wittels,written_by
2,22,Amy Poehler,written_by
2,23,Michael Schur,written_by
2,24,Dan Goor,written_by
3,1,Alan Yang,written_by
3,2,Norm Hiscock,written_by
3,3,Michael Schur,written_by
3,4,Emily Kapnek,written_by
3,5,Harris Wittels,written_by
3,6,Katie Dippold,written_by
3,7,Dan Goor,written_by
3,8,Aisha Muharrar,written_by
3,9,Katie Dippold,written_by
3,10,Alan Yang,written_by
3,11,Norm Hiscock,written_by
3,12,Emily Spivey,written_by
3,13,Amy Poehler,written_by
3,14,Harris Wittels,written_by
3,15,Greg Levine & Brian Rowe,written_by
3,16,Dan Goor,written_by
4,1,Dan Goor,written_by
4,2,Norm Hiscock,written_by
4,3,Aisha Muharrar,written_by
4,4,Alan Yang,written_by
4,5,Katie Dippold,written_by
4,6,Michael Schur,written_by
4,7,Harris Wittels,written_by
4,8,Chelsea Peretti,written_by
4,9,Dan Goor & Michael Schur,written_by
4,10,Dave King,written_by
4,11,Mike Scully,written_by
4,12,Alan Yang,written_by
4,13,Katie Dippold,written_by
4,14,Aisha Muharrar,written_by
4,15,Harris Wittels,written_by
4,16,Norm Hiscock,written_by
4,17,Dan Goor,written_by
4,18,Nick Offerman,written_by
4,19,Dave King & Chelsea Peretti,written_by
4,20,Amy Poehler,written_by
4,21,Aisha Muharrar & Alan Yang,written_by
4,22,Michael Schur,written_by
5,1,Aisha Muharrar,written_by
5,2,Norm Hiscock,written_by
5,3,Dan Goor,written_by
5,4,Alan Yang,written_by
5,5,Michael Schur,written_by
5,6,Greg Levine,written_by
5,7,Harris Wittels,written_by
5,8,Alexandra Rushfield,written_by
5,9,Megan Amram & Aisha Muharrar,written_by
5,10,Dave King,written_by
5,11,Harris Wittels,written_by
5,12,Nate DiMeo,written_by
5,13,Norm Hiscock & Joe Mande,written_by
5,14,Michael Schur & Alan Yang,written_by
5,15,Alexandra Rushfield,written_by
5,16,Joe Mande,written_by
5,17,Dave King,written_by
5,18,Megan Amram,written_by
5,19,Matt Murray,written_by
5,20,Norm Hiscock & Aisha Muharrar,written_by
5,21,Joe Mande & Alan Yang,written_by
5,22,Michael Schur,written_by
6,1,Michael Schur,written_by
6,2,Michael Schur,written_by
6,3,Alan Yang,written_by
6,4,Donick Cary,written_by
6,5,Matt Murray,written_by
6,6,Harris Wittels,written_by
6,7,Aisha Muharrar,written_by
6,8,Matt Hubbard,written_by
6,9,Dave King,written_by
6,10,Amy Poehler & Michael Schur,written_by
6,11,Sam Means,written_by
6,12,Joe Mande,written_by
6,13,Aisha Muharrar & Michael Schur,written_by
6,14,Megan Amram,written_by
6,15,Jen Statsky,written_by
6,16,Alan Yang & Sam Means,written_by
6,17,Emma Fletcher & Rachna Fruchbom,written_by
6,18,Matt Murray & Harris Wittels,written_by
6,19,Megan Amram & Dave King,written_by
6,20,Donick Cary & Joe Mande,written_by
6,21,Aisha Muharrar & Alan Yang,written_by
6,22,Aisha Muharrar & Alan Yang,written_by
7,1,Alan Yang & Matt Murray,written_by
7,2,Harris Wittels,written_by
7,3,Megan Amram,written_by
7,4,Michael Schur,written_by
7,5,Donick Cary,written_by
7,6,Joe Mande,written_by
7,7,Aisha Muharrar,written_by
7,8,Dave King,written_by
7,9,Emma Fletcher & Rachna Fruchbom,written_by
7,10,Matt Hubbard,written_by
7,11,Jen Statsky,written_by
7,12,Michael Schur & Amy Poehler,written_by
7,13,Michael Schur & Amy Poehler,written_by
1,1,Greg Daniels,directed_by
1,2,Seth Gordon,directed_by
1,3,Jeffrey Blitz,directed_by
1,4,Michael McCullers,directed_by
1,5,Beth McCarthy-Miller,directed_by
1,6,Michael Schur,directed_by
2,1,Paul Feig,directed_by
2,2,Seth Gordon,directed_by
2,3,Jason Woliner,directed_by
2,4,Alex Hardcastle,directed_by
2,5,Michael Schur,directed_by
2,6,Charles McDougall,directed_by
2,7,Dean Holland,directed_by
2,8,Troy Miller,directed_by
2,9,Millicent Shelton,directed_by
2,10,Greg Daniels,directed_by
2,11,Troy Miller,directed_by
2,12,Randall Einhorn,directed_by
2,13,Troy Miller,directed_by
2,14,Alex Hardcastle,directed_by
2,15,Dean Holland,directed_by
2,16,Ken Kwapis,directed_by
2,17,Jason Woliner,directed_by
2,18,Tristram Shapeero,directed_by
2,19,Michael Trim,directed_by
2,20,Ken Whittingham,directed_by
2,21,Tristram Shapeero,directed_by
2,22,Troy Miller,directed_by
2,23,Dean Holland,directed_by
2,24,Jason Woliner,directed_by
3,1,Dean Holland,directed_by
3,2,Wendey Stanzler,directed_by
3,3,Michael Schur,directed_by
3,4,Tucker Gates,directed_by
3,5,David Rogers,directed_by
3,6,Randall Einhorn,directed_by
3,7,Dean Holland,directed_by
3,8,Rob Schrab,directed_by
3,9,Michael Trim,directed_by
3,10,Ken Whittingham,directed_by
3,11,Dean Holland,directed_by
3,12,Nicole Holofcener,directed_by
3,13,Randall Einhorn,directed_by
3,14,Troy Miller,directed_by
3,15,Matt Sohn,directed_by
3,16,Dean Holland,directed_by
4,1,Troy Miller,directed_by
4,2,Randall Einhorn,directed_by
4,3,Dean Holland,directed_by
4,4,Charles McDougall,directed_by
4,5,Wendey Stanzler,directed_by
4,6,Dean Holland,directed_by
4,7,Jorma Taccone,directed_by
4,8,Nicole Holofcener,directed_by
4,9,Dean Holland,directed_by
4,10,Randall Einhorn,directed_by
4,11,Tucker Gates,directed_by
4,12,Dean Holland,directed_by
4,13,Michael Trim,directed_by
4,14,Morgan Sackett,directed_by
4,15,Robert B. Weide,directed_by
4,16,Michael Schur,directed_by
4,17,Dan Goor,directed_by
4,18,Troy Miller,directed_by
4,19,Tristram Shapeero,directed_by
4,20,Amy Poehler,directed_by
4,21,Dean Holland,directed_by
4,22,Michael Schur,directed_by
5,1,Dean Holland,directed_by
5,2,Kyle Newacheck,directed_by
5,3,Ken Whittingham,directed_by
5,4,Craig Zisk,directed_by
5,5,Dean Holland,directed_by
5,6,Dean Holland,directed_by
5,7,Wendey Stanzler,directed_by
5,8,Morgan Sackett,directed_by
5,9,Dan Goor,directed_by
5,10,Dean Holland,directed_by
5,11,Norm Hiscock,directed_by
5,12,Ken Whittingham,directed_by
5,13,Dean Holland,directed_by
5,14,Craig Zisk,directed_by
5,15,Nick Offerman,directed_by
5,16,Craig Zisk,directed_by
5,17,Tristram Shapeero,directed_by
5,18,Craig Zisk,directed_by
5,19,Amy Poehler,directed_by
5,20,Nicole Holofcener,directed_by
5,21,Alan Yang,directed_by
5,22,Dean Holland,directed_by
6,1,Dean Holland,directed_by
6,2,Dean Holland,directed_by
6,3,Nicole Holofcener,directed_by
6,4,Jay Karas,directed_by
6,5,Jorma Taccone,directed_by
6,6,Morgan Sackett,directed_by
6,7,Wendey Stanzler,directed_by
6,8,Michael Trim,directed_by
6,9,Julie Anne Robinson,directed_by
6,10,Dean Holland,directed_by
6,11,Alan Yang,directed_by
6,12,Adam Scott,directed_by
6,13,Dean Holland,directed_by
6,14,Morgan Sackett,directed_by
6,15,Ken Whittingham,directed_by
6,16,Dean Holland,directed_by
6,17,Beth McCarthy-Miller,directed_by
6,18,Ken Whittingham,directed_by
6,19,Nick Offerman,directed_by
6,20,Dean Holland,directed_by
6,21,Michael Schur,directed_by
6,22,Michael Schur,directed_by
7,1,Dean Holland,directed_by
7,2,Dean Holland,directed_by
7,3,Tom Magill,directed_by
7,4,Beth McCarthy-Miller,directed_by
7,5,Amy Poehler,directed_by
7,6,Ken Whittingham,directed_by
7,7,Ken Whittingham,directed_by
7,8,Morgan Sackett,directed_by
7,9,Greg Daniels,directed_by
7,10,Dean Holland,directed_by
7,11,Craig Zisk,directed_by
7,12,Michael Schur,directed_by
7,13,Michael Schur,directed_by